[  
   {  
      "key":"1",
      "title":"First Tour",
      "places":[  
         "United States",
         "India",
         "China",
         "Africa"
      ],
      "activities":"it is more then ONE nation/nationality as its fall name is The United Kingdom of Great Britain and North Ireland..",
      "status":"Public",
      "lastUpdate":"April 13,2014 10:13"
   },
   {  
      "key":"2",
      "title":"Among the children",
      "places":[  
         "United States",
         "India",
         "China",
         "Africa"
      ],
      "activities":"you want English, Scottish, Welsh, Irish, British, European or UK even a British (name other original country you came form or have roots to E.G. A British Japanese or a 5th generation",
      "status":"Public",
      "lastUpdate":"April 13,2014 10:13"
   },
   {  
      "key":"3",
      "title":"A day to remember",
      "places":[  
         "United States",
         "India",
         "China",
         "Africa"
      ],
      "activities":"UK was on top of the art world 18-19 century had the best food, best cloths and best entertainment back then) it was a hyper nation",
      "status":"Private",
      "lastUpdate":"April 13,2014 10:13"
   },
   {  
      "key":"4",
      "title":"Life’s sadness shared",
      "places":[  
         "United States",
         "India",
         "China",
         "Africa"
      ],
      "activities":"he world speaks English. Common law, Magna Carta and the Bill of Rights are its wonderful legacy",
      "status":"Private",
      "lastUpdate":"April 13,2014 10:13"
   },
   {  
      "key":"5",
      "title":"First Tour",
      "places":[  
         "United States",
         "India",
         "China",
         "Africa"
      ],
      "activities":"it is more then ONE nation/nationality as its fall name is The United Kingdom of Great Britain and North Ireland..",
      "status":"Public",
      "lastUpdate":"April 13,2014 10:13"
   },
   {  
      "key":"5",
      "title":"First Tour",
      "places":[  
         "United States",
         "India",
         "China",
         "Africa"
      ],
      "activities":"it is more then ONE nation/nationality as its fall name is The United Kingdom of Great Britain and North Ireland..",
      "status":"Public",
      "lastUpdate":"April 13,2014 10:13"
   },
   {  
      "key":"6",
      "title":"First Tour",
      "places":[  
         "United States",
         "India",
         "China",
         "Africa"
      ],
      "activities":"it is more then ONE nation/nationality as its fall name is The United Kingdom of Great Britain and North Ireland..",
      "status":"Public",
      "lastUpdate":"April 13,2014 10:13"
   },
   {  
      "key":"7",
      "title":"Among the children",
      "places":[  
         "United States",
         "India",
         "China",
         "Africa"
      ],
      "activities":"you want English, Scottish, Welsh, Irish, British, European or UK even a British (name other original country you came form or have roots to E.G. A British Japanese or a 5th generation",
      "status":"Public",
      "lastUpdate":"April 13,2014 10:13"
   },
   {  
      "key":"8",
      "title":"A day to remember",
      "places":[  
         "United States",
         "India",
         "China",
         "Africa"
      ],
      "activities":"UK was on top of the art world 18-19 century had the best food, best cloths and best entertainment back then) it was a hyper nation",
      "status":"Private",
      "lastUpdate":"April 13,2014 10:13"
   },
   {  
      "key":"9",
      "title":"Life’s sadness shared",
      "places":[  
         "United States",
         "India",
         "China",
         "Africa"
      ],
      "activities":"he world speaks English. Common law, Magna Carta and the Bill of Rights are its wonderful legacy",
      "status":"Private",
      "lastUpdate":"April 13,2014 10:13"
   },
   {  
      "key":"10",
      "title":"First Tour",
      "places":[  
         "United States",
         "India",
         "China",
         "Africa"
      ],
      "activities":"it is more then ONE nation/nationality as its fall name is The United Kingdom of Great Britain and North Ireland..",
      "status":"Public",
      "lastUpdate":"April 13,2014 10:13"
   },
   {  
      "key":"11",
      "title":"First Tour",
      "places":[  
         "United States",
         "India",
         "China",
         "Africa"
      ],
      "activities":"it is more then ONE nation/nationality as its fall name is The United Kingdom of Great Britain and North Ireland..",
      "status":"Public",
      "lastUpdate":"April 13,2014 10:13"
   }
]