[  
   {  
      "key":"1",
      "appName":"Hyperlapse",
      "description":"Description goes here",
      "price":"FREE",
      "notes":"Notes go here"
   },
   {  
      "key":"2",
      "appName":"Facebook",
      "description":"Description goes here",
      "price":"FREE",
      "notes":"Notes go here"
   },
   {  
      "key":"3",
      "appName":"Twitter",
      "description":"Description goes here",
      "price":"FREE",
      "notes":"Notes go here"
   },
   {  
      "key":"4",
      "appName":"Foursquare",
      "description":"Description goes here",
      "price":"FREE",
      "notes":"Notes go here"
   },
   {  
      "key":"5",
      "appName":"Angry Birds",
      "description":"Description goes here",
      "price":"FREE",
      "notes":"Notes go here"
   }
]